Tipologia_E_GF,Codi_E_GF,Entitat_Municipal,Organ_Gestor,Any,Tipologia_De_Subvencio,Objecte,Import_Sollicitat,Import_Total_Projecte,Import_Atorgat_Inicial,Import_Reintegrat_Total
E,224,Ajuntament de Barcelona,Gerència de Política Econòmica i Desenvolupament,2019,SUBVENCIONS NOMINATIVES,POSADA EN MARXA DEL PROJECTE SOCIAL BICIHUB,120000.0,120000.0,120000.0,0.0
E,99400147070,Institut Municipal Barcelona Esports,,2017,SUBVENCIONS DIRECTES (amb o sense CONVENI),Ajuts 2017-2018 (1r pagament),0.0,1377.0,1377.0,0.0
E,540,Institut de Cultura de Barcelona,Institut de Cultura de Barcelona,2019,Convocatòria de Projectes Puntuals 2019,Trobada Gamedev,1275.0,2550.0,892.5,0.0
E,224,Ajuntament de Barcelona,Gerència de Política Econòmica i Desenvolupament,2019,Convocatòria Subvencions Promoció i Reforç Economia Social i Sol,Comuniquem el BiciHub,8000.0,10000.0,4000.0,0.0
E,99400173016,Institut Municipal Barcelona Esports,,2017,SUBVENCIONS DIRECTES (amb o sense CONVENI),Ajuts 2017-2018 (1r pagament),0.0,7917.75,7917.75,0.0
E,224,Ajuntament de Barcelona,"Gerència d’Àrea d’Economia, Recursos i Promoció Econòmica",2022,Convocatòria 2022 Impuls socioeconòmic del territori (IMPULSEM),L'estiu Cooperatiu de Sant Martí,40000.0,50000.0,18000.0,0.0
E,224,Ajuntament de Barcelona,"Gerència d’Àrea d’Economia, Recursos i Promoció Econòmica",2021,Convocatòria 2021Promoció i Reforç de l'Economia Social i Solidà,Emfortim el Bicihub,50000.0,62500.0,32500.0,0.0
E,225,Institut Municipal Barcelona Esports,,2021,SUBVENCIONS DIRECTES (amb o sense CONVENI),Ajuts 2020-2021,4577.74,4577.74,514.01,0.0
E,225,Ajuntament de Barcelona,Gerència Ecologia Urbana,2019,BARCELONA ESCOLES + SOSTENIBLES 2019-2022,Naturalització de l'espai d'oci i relació,400.0,400.0,400.0,0.0
E,225,Ajuntament de Barcelona,Gerència Ecologia Urbana,2019,BARCELONA ESCOLES + SOSTENIBLES 2019-2022,"Cuidem l'escola, cuidem el Món",1800.0,1800.0,1800.0,0.0
E,225,Institut Municipal Barcelona Esports,,2019,SUBVENCIONS DIRECTES (amb o sense CONVENI),Ajuts 2018-2019 (2n. pagament),540.0,540.0,540.0,0.0
E,225,Institut Municipal Barcelona Esports,,2019,SUBVENCIONS DIRECTES (amb o sense CONVENI),Ajuts 2018-2019 (1r. pagament),1620.0,1620.0,1620.0,0.0
E,225,Institut Municipal Barcelona Esports,,2020,SUBVENCIONS DIRECTES (amb o sense CONVENI),Convocatòria subv entitats esportives - COVID,25000.0,25000.0,25000.0,0.0
E,347,Institut Municipal Barcelona Esports,,2021,SUBVENCIONS DIRECTES (amb o sense CONVENI),Ajuts 2020-2021,779.63,779.63,259.87,0.0
E,38951181941,Ajuntament de Barcelona,Districte d'Horta-Guinardó,2019,CONVOCATÒRIA GENERAL DE SUBVENCIONS 2019. HORTA GUINARDÓ,DINAMITZACIO COLLA GEGANTERA DE MONTBAU,1200.0,4235.0,1000.0,0.0
E,225,Institut Municipal Barcelona Esports,,2021,SUBVENCIONS DIRECTES (amb o sense CONVENI),Ajuts 2020-2021,594.01,594.01,197.99,0.0
E,98307133320,Institut Municipal Barcelona Esports,,2017,SUBVENCIONS DIRECTES (amb o sense CONVENI),Ajuts 2017-2018 (1r pagament),0.0,6263.1,6263.1,0.0
E,480,Institut Municipal de Serveis Socials,,2021,SUBVENCIONS NOMINATIVES,projecte “PROGRAMA D’ENTREGUES SOCIALS 2021,390000.0,520000.0,390000.0,0.0
E,472,Institut Municipal de Serveis Socials,,2021,SUBVENCIONS NOMINATIVES,"projecte “Menjador social EMMAÚS per a famílies”,",60880.0,162700.0,60880.0,0.0
E,225,Institut Municipal Barcelona Esports,,2019,SUBVENCIONS DIRECTES (amb o sense CONVENI),Ajuts 2019-2020,3375.0,3375.0,1687.5,0.0
E,55153553,Ajuntament de Barcelona,Gerència de Presidència i Economia,2017,SUBVENCIONS DIRECTES (amb o sense CONVENI),Subvenció a Save the Children - poble Rohingya,100000.0,250000.0,100000.0,0.0
E,225,Institut Municipal Barcelona Esports,,2019,SUBVENCIONS DIRECTES (amb o sense CONVENI),Ajuts 2019-2020,591.0,591.0,295.5,0.0
E,225,Institut Municipal Barcelona Esports,,2019,SUBVENCIONS DIRECTES (amb o sense CONVENI),Ajuts 2019-2020,2407.5,2407.5,1203.76,0.0
E,440,Ajuntament de Barcelona,"Gerència d’Àrea d’Economia, Recursos i Promoció Econòmica",2020,Convocatòria 2020 Promoció i Reforç de l'Economia Social i Solid,Producció i comercialització de mascaretes higièniques i bates de protecció,10000.0,12500.0,6500.0,0.0
E,480,Ajuntament de Barcelona,"Gerència d’Àrea d’Economia, Recursos i Promoció Econòmica",2020,Convocatòria 2020 Promoció i Reforç de l'Economia Social i Solid,"índex d'ocupabilitat: Una oportunitat de creixement, millora i consolidació",7616.04,9520.04,4950.4,0.0
E,31639153524,Ajuntament de Barcelona,Districte d'Horta-Guinardó,2019,CONVOCATÒRIA GENERAL DE SUBVENCIONS 2019. HORTA GUINARDÓ,Una Geganta 'Carmela' i els seus cap grossos.,4670.0,4670.0,2300.0,0.0
E,92086002301,Ajuntament de Barcelona,Gerència de Drets Socials,2017,AJUTS,Ajut del programa Promoció i participació infància,5229.0,5229.0,5229.0,0.0
E,443,Institut de Cultura de Barcelona,Institut de Cultura de Barcelona,2021,Convocatòria de subvencions per a projectes de caràcter puntual,"Exploradores Sonoros. Música, ciencia y tecnología para la salud del planet",2500.0,5000.0,1082.0,0.0
E,225,Institut Municipal Barcelona Esports,,2019,SUBVENCIONS DIRECTES (amb o sense CONVENI),Ajuts 2019-2020,225.0,225.0,112.5,0.0
E,225,Institut Municipal del Paisatge Urbà i la Qualitat de Vida,Institut Municipal del Paisatge Urbà i la Qualitat de Vida,2021,SUBVENCIONS NO TELEMÀTIQUES,"Cobertes Verdes Casp, 25",1500.0,1500.0,1500.0,0.0
E,225,Institut Municipal Barcelona Esports,,2020,SUBVENCIONS DIRECTES (amb o sense CONVENI),Ajuts 2020-2021,1008.0,1008.0,1008.0,0.0
E,225,Institut Municipal Barcelona Esports,,2020,SUBVENCIONS DIRECTES (amb o sense CONVENI),Ajuts 2019-2020,3375.0,3375.0,937.5,0.0
E,225,Institut Municipal Barcelona Esports,,2020,SUBVENCIONS DIRECTES (amb o sense CONVENI),Ajuts 2019-2020,591.0,591.0,147.75,0.0
E,225,Institut Municipal Barcelona Esports,,2020,SUBVENCIONS DIRECTES (amb o sense CONVENI),Ajuts 2019-2020,2407.5,2407.5,618.74,0.0
E,225,Institut Municipal Barcelona Esports,,2020,SUBVENCIONS DIRECTES (amb o sense CONVENI),Ajuts 2019-2020,225.0,225.0,56.25,0.0
E,225,Ajuntament de Barcelona,Gerència Adjunta de Mediambient i Serveis Urbans,2014,SUBVENCIONS CONVOCATÒRIA,Projecte Anual Escoles+Sostenibles 2014-2015,800.0,800.0,800.0,0.0
E,225,Ajuntament de Barcelona,Gerència Adjunta de Mediambient i Serveis Urbans,2021,PREMIS ESCOLES + SOSTENIBLES 2021,Connectats amb la terra,2400.0,2400.0,1800.0,0.0
E,225,Ajuntament de Barcelona,Gerència Adjunta de Mediambient i Serveis Urbans,2021,PREMIS ESCOLES + SOSTENIBLES 2021,AKollim!,2400.0,2400.0,1800.0,0.0
E,225,Ajuntament de Barcelona,Gerència Adjunta de Mediambient i Serveis Urbans,2021,PREMIS ESCOLES + SOSTENIBLES 2021,Naturalització del pati Platanar Curs 21/22,1000.0,1000.0,600.0,0.0
E,225,Ajuntament de Barcelona,Gerència Ecologia Urbana,2017,BARCELONA ESCOLES + SOSTENIBLES 2017,L'escola s'uneix amb els embolcalls,400.0,400.0,400.0,0.0
E,225,Institut Municipal Barcelona Esports,,2018,SUBVENCIONS DIRECTES (amb o sense CONVENI),Ajuts 2018-2019 (1r. pagament),0.0,3600.0,3600.0,0.0
E,225,Institut Municipal Barcelona Esports,,2017,SUBVENCIONS DIRECTES (amb o sense CONVENI),Ajuts 2017-2018 (1r pagament),0.0,4088.25,4088.25,0.0
E,225,Institut Municipal Barcelona Esports,,2017,SUBVENCIONS DIRECTES (amb o sense CONVENI),Ajuts 2017-2018 (1r pagament),0.0,2081.25,2081.25,0.0
E,225,Institut Municipal Barcelona Esports,,2017,SUBVENCIONS DIRECTES (amb o sense CONVENI),Ajuts 2017-2018 (1r pagament),0.0,3012.75,3012.75,0.0
E,225,Institut Municipal Barcelona Esports,,2018,SUBVENCIONS DIRECTES (amb o sense CONVENI),Ajuts 2017-2018 (Liquidació),0.0,1120.75,1120.75,0.0
E,225,Ajuntament de Barcelona,Gerència Ecologia Urbana,2018,BARCELONA ESCOLES + SOSTENIBLES 2018-2021,Millorar i consolidar el que s'està fent en l'àmbit de la natura i el medi,400.0,667.44,400.0,0.0
E,225,Ajuntament de Barcelona,Gerència Ecologia Urbana,2018,BARCELONA ESCOLES + SOSTENIBLES 2018-2021,Repensar i Renovar,1800.0,2500.0,1800.0,0.0
E,225,Ajuntament de Barcelona,Gerència Ecologia Urbana,2018,BARCELONA ESCOLES + SOSTENIBLES 2018-2021,Fem una aula Exterior,400.0,400.0,400.0,0.0
E,225,Ajuntament de Barcelona,Gerència Ecologia Urbana,2018,BARCELONA ESCOLES + SOSTENIBLES 2018-2021,Kostka verd,1800.0,1800.0,1800.0,0.0
E,225,Institut Municipal Barcelona Esports,,2018,SUBVENCIONS DIRECTES (amb o sense CONVENI),Ajuts 2018-2019 (1r. pagament),0.0,1365.75,1365.75,0.0
E,225,Institut Municipal Barcelona Esports,,2021,AJUTS,Ajut del programa,2557.5,2557.5,1918.16,0.0
E,225,Institut Municipal Barcelona Esports,,2021,AJUTS,Ajut del programa,1353.0,1353.0,1014.77,0.0
E,225,Institut Municipal Barcelona Esports,,2021,AJUTS,Ajut del programa,4438.5,4438.5,3328.95,0.0
E,99131171236,Ajuntament de Barcelona,Districte de les Corts,2021,CONVOCATÒRIA GENERAL DE SUBVENCIONS 2021. LES CORTS,CORREFOC UNITARI LES CORTS 2021,9990.0,9990.0,6000.0,0.0
E,99131171236,Ajuntament de Barcelona,Districte de les Corts,2017,CONVOCATÒRIA GENERAL DE SUBVENCIONS 2017. LES CORTS,DIABLES DE LES CORTS 2017,2000.0,9363.52,1350.0,0.0
E,236,Ajuntament de Barcelona,Districte de Sant Martí,2020,CONVOCATÒRIA GENERAL DE SUBVENCIONS 2020. SANT MARTÍ,ACTUACIONS MUSICALS AL DISTRICTE DE SANT MART,2200.0,3150.0,2200.0,418.57
E,236,Ajuntament de Barcelona,Districte de Sant Martí,2011,Convocatòria general subvencions 2011 Sant Martí,CONCERT MUSICAL,6300.0,12665.0,5500.0,0.0
E,385,Institut Municipal Barcelona Esports,,2021,AJUTS,Ajut del programa,6606.0,6606.0,4954.5,0.0
E,224,Ajuntament de Barcelona,"Gerència d’Àrea d’Economia, Recursos i Promoció Econòmica",2020,Convocatòria 2020 Promoció i Reforç de l'Economia Social i Solid,"Bicicargo a Sant Martí, repartiment comunitari sostenible",18000.0,29600.0,14400.0,0.0
E,236,Ajuntament de Barcelona,Districte de Sant Martí,2012,EXPEDIENT ORGAN GESTOR SANT MARTI,CONCERTS MUSICALS EN VIU,5500.0,11000.0,3000.0,0.0
E,236,Ajuntament de Barcelona,Districte de Sant Martí,2013,Expedient òrgan gestor Districte de Sant Martí,CONCERTS MUSICALS EN DIRECTE,5400.0,10950.0,1500.0,0.0
E,315,Institut Municipal Barcelona Esports,,2021,AJUTS,Ajut del programa,6405.0,6405.0,4803.77,0.0
E,99400189593,Ajuntament de Barcelona,"Gerència Drets de Ciutadania, Participació i Transparència",2017,CONVOCATÒRIA GENERAL DE SUBVENCIONS 2017. CIUTADANIA I PARTICIPA,FESTA DE LES CULTURES DE LA LLACUNA DEL POBLENOU,1272.5,2545.0,1000.0,330.68
E,99400189593,Ajuntament de Barcelona,"Gerència Drets de Ciutadania, Participació i Transparència",2018,CONVOCATÒRIA GENERAL DE SUBVENCIONS 2018. CIUTADANIA I PARTICIPA,Festa de les cultures de la Llacuna del Poblenou,1000.0,2200.0,1000.0,0.0
E,346,Institut Municipal Barcelona Esports,,2021,AJUTS,Ajut del programa,8113.2,8113.2,6085.0,0.0
E,347,Institut Municipal Barcelona Esports,,2021,AJUTS,Ajut del programa,995.4,995.4,746.55,0.0
E,99400211977,Ajuntament de Barcelona,Districte de Nou Barris,2011,CONVOCATORIA GENERAL SUBVENCIONS NOU BARRIS 2011,SUPORT A L'ENTITAT,4000.0,5300.0,1500.0,0.0
E,99400211977,Ajuntament de Barcelona,Districte de Nou Barris,2011,CONVOCATORIA GENERAL SUBVENCIONS NOU BARRIS 2011,FESTA MAJOR TURÓ DE LA PEIRA,10000.0,15170.0,4500.0,0.0
E,99400211977,Ajuntament de Barcelona,Districte de Nou Barris,2011,CONVOCATORIA GENERAL SUBVENCIONS NOU BARRIS 2011,FESTES NADAL I CAVALCADA REIS,8000.0,8250.0,3600.0,0.0
E,99400211977,Ajuntament de Barcelona,Districte de Nou Barris,2012,Expedient òrgan gestor Districte de Nou Barris,FESTES NADAL I CAVALCADA REIS,8000.0,8500.0,3600.0,0.0
E,99400211977,Ajuntament de Barcelona,Districte de Nou Barris,2012,Expedient òrgan gestor Districte de Nou Barris,FESTA MAJOR TURO PEIRA,10000.0,15600.0,4000.0,0.0
E,99400211977,Ajuntament de Barcelona,Districte de Nou Barris,2012,Expedient òrgan gestor Districte de Nou Barris,SUPORT A L'ENTITAT,4000.0,5800.0,1000.0,0.0
E,99400211977,Ajuntament de Barcelona,Districte de Nou Barris,2022,CONVOCATÒRIA GENERAL DE SUBVENCIONS 2022. NOU BARRIS,Fiesta Mayor del Turo de la Peira 2022,5000.0,6500.0,4600.0,0.0
E,99400211977,Ajuntament de Barcelona,Districte de Nou Barris,2022,CONVOCATÒRIA GENERAL DE SUBVENCIONS 2022. NOU BARRIS,Turo Digital,2000.0,2600.0,1000.0,0.0
E,99400211977,Ajuntament de Barcelona,Districte de Nou Barris,2022,CONVOCATÒRIA GENERAL DE SUBVENCIONS 2022. NOU BARRIS,Suport a L'entitat,2000.0,3100.0,1500.0,0.0
E,99400211977,Ajuntament de Barcelona,Districte de Nou Barris,2014,Convocatòria de subvencions 2014. Districte de Nou Barris,Festes de NAdal i Cabalcada de Reis,8000.0,8500.0,3600.0,0.0
E,99400211977,Ajuntament de Barcelona,Districte de Nou Barris,2014,Convocatòria de subvencions 2014. Districte de Nou Barris,suport a l'entitat,4000.0,5300.0,1000.0,0.0
E,99400211977,Ajuntament de Barcelona,Districte de Nou Barris,2014,Convocatòria de subvencions 2014. Districte de Nou Barris,Festa major del Barri del Turo de la Peira,10000.0,15600.0,4000.0,0.0
E,99400211977,Ajuntament de Barcelona,Districte de Nou Barris,2019,CONVOCATÒRIA GENERAL DE SUBVENCIONS 2019. NOU BARRIS,Festa major Barri Turo de la Peira,10000.0,15600.0,4600.0,0.0
E,99400211977,Ajuntament de Barcelona,Districte de Nou Barris,2020,CONVOCATÒRIA GENERAL DE SUBVENCIONS 2020. NOU BARRIS,Apoyo a la entidad,4000.0,5300.0,1500.0,0.0
E,99400211977,Ajuntament de Barcelona,Districte de Nou Barris,2015,Convocatòria general 2015 - Districte de Nou Barris,SUPORT A LŽENTITAT,4000.0,5300.0,1000.0,0.0
E,99400211977,Ajuntament de Barcelona,Districte de Nou Barris,2015,Convocatòria general 2015 - Districte de Nou Barris,FESTA MAJOR DEL BARRI DEL TURO DE LA PEIRA,10000.0,15600.0,4000.0,0.0
E,99400211977,Ajuntament de Barcelona,Districte de Nou Barris,2017,CONVOCATÒRIA GENERAL DE SUBVENCIONS 2017. NOU BARRIS,FESTA MAJOR DEL BARRI DEL TURO DE  LA PEIRA,10000.0,15600.0,4600.0,0.0
E,99400211977,Ajuntament de Barcelona,Districte de Nou Barris,2017,CONVOCATÒRIA GENERAL DE SUBVENCIONS 2017. NOU BARRIS,SUPORT A L' ENTITAT,4000.0,5300.0,1500.0,0.0
E,99400211977,Ajuntament de Barcelona,Districte de Nou Barris,2017,CONVOCATÒRIA GENERAL DE SUBVENCIONS 2017. NOU BARRIS,FESTES DE  NADAL I CAVALCADA DE REIS,8000.0,8500.0,3400.0,0.0
E,99400211977,Ajuntament de Barcelona,Districte de Nou Barris,2018,CONVOCATÒRIA GENERAL DE SUBVENCIONS 2018. NOU BARRIS,FESTES DE NADAL I CAVALCADA DE REIS,8000.0,8500.0,3000.0,0.0
E,99400211977,Ajuntament de Barcelona,Districte de Nou Barris,2018,CONVOCATÒRIA GENERAL DE SUBVENCIONS 2018. NOU BARRIS,FESTA MAJOR DEL BARRI DEL TURO DE LA PEIRA,10000.0,15600.0,4600.0,0.0
E,99400211977,Ajuntament de Barcelona,Districte de Nou Barris,2018,CONVOCATÒRIA GENERAL DE SUBVENCIONS 2018. NOU BARRIS,SUPORT A L' ENTITAT,4000.0,5300.0,1500.0,0.0
E,242,Ajuntament de Barcelona,Districte de Nou Barris,2020,CONVOCATÒRIA GENERAL DE SUBVENCIONS 2019. NOU BARRIS,TardaZas de Juegos,300.0,600.0,0.25,0.0
E,249,Ajuntament de Barcelona,Districte de Nou Barris,2020,CONVOCATÒRIA GENERAL DE SUBVENCIONS 2020. NOU BARRIS,Grup de Foc Bruixes i Bruixots de Trini. Nova,4500.0,8500.0,2500.0,0.0
E,251,Institut Municipal Barcelona Esports,,2021,SUBVENCIONS DIRECTES (amb o sense CONVENI),Ajuts 2020-2021,4433.23,4433.23,1477.67,0.0
E,251,Institut Municipal Barcelona Esports,,2021,AJUTS,Ajut del programa,4587.0,4587.0,3440.26,0.0
E,251,Institut Municipal Barcelona Esports,,2020,SUBVENCIONS DIRECTES (amb o sense CONVENI),Convocatòria subv entitats esportives - COVID,37.85,37.85,37.85,0.0
E,86595175513,Institut de Cultura de Barcelona,Institut de Cultura de Barcelona,2022,TIC 2022,"CàmeresiAcció, Intervenció audiovisual.",1270.14,3175.6,832.13,0.0
E,253,Institut de Cultura de Barcelona,Institut de Cultura de Barcelona,2020,CONVOCATÒRIA GENERAL DE SUBVENCIONS 2020. ICUB,Següent Pas,3500.0,7000.0,2460.0,0.0
E,253,Institut de Cultura de Barcelona,Institut de Cultura de Barcelona,2019,CONVOCATÒRIA GENERAL DE SUBVENCIONS 2019. ICUB,Següent Pas. Cap als reptes d'una nova etapa,4919.9,9839.8,2459.95,0.0
E,253,Institut de Cultura de Barcelona,Institut de Cultura de Barcelona,2020,Convocatòria extraordinària efectes Covid-19 projectes culturals,Convocatoria de subvenciones 2020 para paliar los efectos de la crisis sani,21960.06,27450.06,2251.41,0.0
E,254,Ajuntament de Barcelona,"Gerència d'Area de Drets Socials, Justícia Global, Feminismes i LGTBI",2020,Convocatòria de Justícia global i Cooperació Internacional 2020,Nosaltres creem: dones en lluita per la transformació social,20000.0,25000.0,20000.0,0.0
E,262,Institut de Cultura de Barcelona,,2021,SUBVENCIONS NOMINATIVES,COL•LABORACIÓ ENTRE L’ICUB I L’AXAC PEL FINANÇAMEN,64722.0,71913.33,64722.0,0.0
E,266,Institut de Cultura de Barcelona,Institut de Cultura de Barcelona,2011,Convocatòria general de subvencions 2011 ICUB,TRITEXTUALS,6000.0,15000.0,3000.0,0.0
E,266,Institut de Cultura de Barcelona,Institut de Cultura de Barcelona,2014,Convocatòria de subvencions 2014. ICUB,"ENCONTRE D'ESCRIPTORS CATALANS, BASCOS I GALLECS",6000.0,14500.0,4000.0,0.0
E,266,Institut de Cultura de Barcelona,Institut de Cultura de Barcelona,2019,CONVOCATÒRIA GENERAL DE SUBVENCIONS 2019. ICUB,ACTIVITATS LITERÀRIES DE L'AELC 2019,18000.0,36500.0,10000.0,0.0
E,266,Institut de Cultura de Barcelona,Institut de Cultura de Barcelona,2018,CONVOCATÒRIA GENERAL DE SUBVENCIONS 2018. ICUB,XXVI SEMINARI SOBRE LA TRADUCCIÓ A CATALUNYA,4900.0,10200.0,4000.0,0.0
E,266,Institut de Cultura de Barcelona,Institut de Cultura de Barcelona,2018,CONVOCATÒRIA GENERAL DE SUBVENCIONS 2018. ICUB,FOMENT DE LA LECTURA EN LLENGUA CATALANA PER A JOVES LECTORS,5000.0,10500.0,4000.0,0.0
E,266,Institut de Cultura de Barcelona,Institut de Cultura de Barcelona,2018,CONVOCATÒRIA GENERAL DE SUBVENCIONS 2018. ICUB,QLIT FESTIVAL DE LITERATURA QUWER,9300.0,18600.0,4000.0,0.0
E,96311191159,Ajuntament de Barcelona,Districte de Gràcia,2019,CONVOCATÒRIA GENERAL DE SUBVENCIONS 2019. GRÀCIA,Esplai Sant Jordi 2019,2000.0,11900.0,1500.0,0.0
E,96311191159,Ajuntament de Barcelona,Districte de Gràcia,2021,CONVOCATÒRIA GENERAL DE SUBVENCIONS 2021. GRÀCIA,Esplai Sant Jordi 2021,2200.0,13650.0,1300.0,0.0
E,96311191159,Ajuntament de Barcelona,Gerència de Drets Socials,2017,AJUTS,Ajut del programa Promoció i participació infància,5307.0,5307.0,5307.0,0.0
E,96311191159,Ajuntament de Barcelona,Districte de Gràcia,2017,CONVOCATÒRIA GENERAL DE SUBVENCIONS 2017. GRÀCIA,ESPLAI SANT JORDI 2017,2000.0,13100.0,2000.0,0.0
E,96311191159,Ajuntament de Barcelona,Districte de Gràcia,2018,CONVOCATÒRIA GENERAL DE SUBVENCIONS 2018. GRÀCIA,Esplai Sant Jordi 2018,2000.0,11200.0,1700.0,0.0
E,99400265578,Ajuntament de Barcelona,Gerència de Recursos,2013,Expedient òrgan gestor GERÈNCIA DE RECURSOS,PROMOCIÓ D'ACTIVITATS I INICIATIVES PER LA PROTECCIÓ I DEFENSA DELS ANIMALS,15000.0,50000.0,13000.0,0.0
E,96311191159,Ajuntament de Barcelona,Gerència de Drets Socials,2018,AJUTS,Ajut del programa Promoció i participació infància,4785.0,4785.0,4785.0,0.0
E,225,Institut Municipal Barcelona Esports,,2019,SUBVENCIONS DIRECTES (amb o sense CONVENI),Ajuts 2018-2019 (2n. pagament),455.25,455.25,455.25,0.0
E,278,Ajuntament de Barcelona,Gerència d'Area d'Ecologia Urbana,2019,SUBVENCIONS DIRECTES (amb o sense CONVENI),Cv_Convocatòria Urban Innovate Actions (UIA),1238237.7,0.0,1622705.5,0.0
E,278,Institut de Cultura de Barcelona,,2020,SUBVENCIONS CONVOCATÒRIA,Convocatòria ciències 2019 - 2020,22485.38,44370.75,22485.37,0.0
E,278,Institut de Cultura de Barcelona,,2020,SUBVENCIONS CONVOCATÒRIA,Convocatòria ciències 2019 - 2020,30609.75,74920.73,30609.75,0.0
E,278,Institut de Cultura de Barcelona,,2020,SUBVENCIONS CONVOCATÒRIA,Convocatòria ciències 2019 - 2020,27656.25,74998.25,27656.25,0.0
E,278,Ajuntament de Barcelona,Gerència de Recursos,2014,SUBVENCIONS DIRECTES (amb o sense CONVENI),MANTENIMENT I SUPORT ACTIV. FORMAC.I RECERCA,500000.0,800000.0,500000.0,0.0
E,278,Institut de Cultura de Barcelona,Institut de Cultura de Barcelona,2019,Convocatòria a projectes de recerca i innovació Pla Barcelona Ci,New mobility in the city: (NEWMOB),44970.76,149900.76,44970.76,0.0
E,278,Institut de Cultura de Barcelona,Institut de Cultura de Barcelona,2019,Convocatòria a projectes de recerca i innovació Pla Barcelona Ci,BCN Microbiome MAP,61219.51,149841.46,61219.51,0.0
E,278,Institut de Cultura de Barcelona,Institut de Cultura de Barcelona,2019,Convocatòria a projectes de recerca i innovació Pla Barcelona Ci,Exposición a contaminantes emergentes en el agua de consumo de Barcelona,55312.5,149996.49,55312.5,0.0
E,505,Institut de Cultura de Barcelona,,2019,SUBVENCIONS CONVOCATÒRIA,Premis Ciutat de Barcelona 2018 La Col,7000.0,133000.0,7000.0,0.0
E,278,Ajuntament de Barcelona,Gerència de Drets Socials,2019,SUBVENCIONS DIRECTES (amb o sense CONVENI),Projecte'Reforçant la ciutat de Barcelona,250000.0,250000.0,250000.0,0.0
E,99400249577,Ajuntament de Barcelona,Gerència de Drets Socials,2017,AJUTS,Ajut del programa Promoció i participació infància,396.0,396.0,396.0,0.0
E,278,Ajuntament de Barcelona,"Gerència d’Àrea de Cultura, Educació, Ciència i Comunitat",2022,TRANSFERÈNCIES ENS PÚBLICS I ALTRES,Aportació municipal membre Patronat 2022,0.0,0.0,250000.0,0.0
E,278,Ajuntament de Barcelona,Gerència de Drets Socials,2017,SUBVENCIONS DIRECTES (amb o sense CONVENI),REFORÇANT LA MARCA BARCELONA: POTENCIANT LA CIUTAT,250000.0,500000.0,250000.0,0.0
E,278,Ajuntament de Barcelona,Gerència de Drets Socials,2018,SUBVENCIONS DIRECTES (amb o sense CONVENI),PROJECTE REFORÇANT LA MARCA BARCELONA COM A CAPITA,250000.0,500000.0,250000.0,0.0
E,284,Ajuntament de Barcelona,Gerència de Política Econòmica i Desenvolupament,2018,Programa de Subvencions per a l'Impuls socioeconòmic del territo,ARTESANIA DIGITAL,26300.0,49700.0,26300.0,0.0
E,346,Institut Municipal Barcelona Esports,,2019,SUBVENCIONS DIRECTES (amb o sense CONVENI),Ajuts 2018-2019 (2n. pagament),2206.5,2206.5,2206.5,0.0
E,285,Ajuntament de Barcelona,Gerència de Política Econòmica i Desenvolupament,2017,SUBVENCIONS DIRECTES (amb o sense CONVENI),CAMPANYA FINANÇ. PROJEC. EMPRENEDORIA MATCHFUNDING,136000.0,150000.0,136000.0,0.0
E,285,Ajuntament de Barcelona,Gerència de Política Econòmica i Desenvolupament,2017,Subvencions per a activitats i projectes en làmbit economia coo,Posant en valor l'economia social a goteo.org,9400.0,11750.0,5640.0,0.0
E,285,Institut de Cultura de Barcelona,Institut de Cultura de Barcelona,2017,SUBVENCIONS PER A INVERSIONS TIC PER A PROJ. D'EXPERIMENTACIÓ I,Reforçant el canal GOTEO Barcelona,3148.33,5442.12,2990.0,0.0
E,285,Institut de Cultura de Barcelona,Institut de Cultura de Barcelona,2018,Subvencions per a inversions en tecnologies de la informació i l,Módulo comunicación Crowd,6657.95,11508.75,8056.13,0.0
E,385,Institut Municipal Barcelona Esports,,2019,SUBVENCIONS DIRECTES (amb o sense CONVENI),Ajuts 2018-2019 (2n. pagament),2856.75,2856.75,2856.75,0.0
E,286,Ajuntament de Barcelona,Gerència de Drets Socials,2012,"Expedient ôrgan gestor Qualitat de Vida, Igualtat i Esports","TRES-A: AUTOCURA , ACTIVITAT FISICA I AUTONOMIA PERSONAL PER LES PERSONES G",7445.0,8645.0,1000.0,0.0
E,286,Ajuntament de Barcelona,Gerència de Drets Socials,2019,CONVOCATÒRIA GENERAL DE SUBVENCIONS 2019. GERÈNCIA DE DRETS SOCI,Taller famílies cuidadores dependents,5000.0,10000.0,1500.0,0.0
E,286,Ajuntament de Barcelona,Gerència de Drets Socials,2014,Convocatòria de subvencions 2014 Gerència de Qualitat de Vida,PROJECTE PILOT 'FENT ENVILLIMENT ACTIU EN XARXA',6000.0,12245.0,6000.0,0.0
E,286,Ajuntament de Barcelona,Gerència de Drets Socials,2017,CONVOCATÒRIA GENERAL DE SUBVENCIONS 2017. DRETS SOCIALS,TALLERS 'SENTIR-NOS BÉ',9250.0,18500.0,3000.0,0.0
E,286,Ajuntament de Barcelona,Gerència de Drets Socials,2017,CONVOCATÒRIA GENERAL DE SUBVENCIONS 2017. DRETS SOCIALS,TALLERS PER A FAMILIARS CUIDADORS/ES DE PERSONES EN SITUACIÓ DE DEPENDÈNCIA,7500.0,15000.0,4000.0,0.0
E,286,Ajuntament de Barcelona,Gerència de Drets Socials,2018,CONVOCATÒRIA GENERAL DE SUBVENCIONS 2018. DRETS SOCIALS,Compartir records de futbol,6000.0,14000.0,6000.0,0.0
E,290,Institut de Cultura de Barcelona,Institut de Cultura de Barcelona,2022,Sales de Música,Acondicionamiento Climático Espai QWERTY,50000.0,119464.41,1968.75,0.0
E,292,Ajuntament de Barcelona,"Gerència Drets de Ciutadania, Participació i Transparència",2014,SUBVENCIONS DIRECTES (amb o sense CONVENI),Conveni col.laboració Plataforma CTI,10000.0,143000.0,10000.0,0.0
E,292,Ajuntament de Barcelona,"Gerència Drets de Ciutadania, Participació i Transparència",2014,SUBVENCIONS DIRECTES (amb o sense CONVENI),Conveni amb ACUP projecte GUNI,30000.0,30000.0,30000.0,0.0
E,292,Institut Municipal d'Educació de Barcelona,Institut Municipal d'Educació de Barcelona,2018,CONVOCATÒRIA GENERAL DE SUBVENCIONS 2018. IMEB,PER UNA UNIV. COMPROMESA I RESPONSABLE SOCIALMENT: IMPULS XARXA APS(U)CAT,20000.0,49560.0,6000.0,0.0
E,292,Institut de Cultura de Barcelona,Institut de Cultura de Barcelona,2018,CONVOCATÒRIA GENERAL DE SUBVENCIONS 2018. ICUB,"CONGRÉS INTERNACIONAL 'HUMANITATS, CIÈNCIA I TECNOLOGIA AL SEGLE XXI'",35000.0,120000.0,6000.0,0.0
E,315,Institut Municipal Barcelona Esports,,2020,SUBVENCIONS DIRECTES (amb o sense CONVENI),Ajuts 2019-2020,1296.0,1296.0,567.0,0.0
E,296,Institut de Cultura de Barcelona,,2020,SUBVENCIONS DIRECTES (amb o sense CONVENI),Finançament activitats de 'La Veïnal 2020',67000.0,83750.0,67000.0,0.0
E,296,Ajuntament de Barcelona,Gerència de Política Econòmica i Desenvolupament,2018,Subvencions d'Economia Cooperativa Social i Solidària,Quepo Coopera,7196.14,9077.29,3598.07,0.0
E,99400211977,Ajuntament de Barcelona,Districte de Nou Barris,2013,Expedient òrgan gestor Districte de Nou Barris,FESTES DE NADAL I CABALCADA DE REIS,8000.0,8500.0,3600.0,0.0
E,99400211977,Ajuntament de Barcelona,Districte de Nou Barris,2013,Expedient òrgan gestor Districte de Nou Barris,SUPORT A L'ENTITAT,4000.0,5800.0,1000.0,0.0
E,99400211977,Ajuntament de Barcelona,Districte de Nou Barris,2013,Expedient òrgan gestor Districte de Nou Barris,FESTES MAJOR DEL TURO DE LA PEIRA,10000.0,15600.0,4000.0,0.0
E,92168152845,Ajuntament de Barcelona,Districte de Sant Andreu,2020,CONVOCATÒRIA GENERAL DE SUBVENCIONS 2020. SANT ANDREU,ESPORTS -,3900.0,11900.0,3000.0,0.0
E,92168152845,Ajuntament de Barcelona,Districte de Sant Andreu,2019,CONVOCATÒRIA GENERAL DE SUBVENCIONS 2019. SANT ANDREU,SUPORT A LES ACTIVITATS FÍSIQUES A CLUBS O EN,12000.0,42800.0,8000.0,0.0
E,92168152845,Institut Municipal Barcelona Esports,,2018,SUBVENCIONS DIRECTES (amb o sense CONVENI),Ajuts 2018-2019 (1r pagament),0.0,3240.0,3240.0,0.0
E,307,Ajuntament de Barcelona,Districte de Sant Andreu,2020,CONVOCATÒRIA GENERAL DE SUBVENCIONS 2020. SANT ANDREU,DIMONIS A LA DE UNA AMB LA CULTURA I LA NATURA,1800.0,4500.0,1000.0,0.0
E,307,Ajuntament de Barcelona,Districte de Sant Andreu,2019,CONVOCATÒRIA GENERAL DE SUBVENCIONS 2019. SANT ANDREU,COMPARTINT L'ILUSIÓ PER EL FOC,500.0,5000.0,500.0,0.0
E,307,Ajuntament de Barcelona,Districte de Sant Andreu,2017,CONVOCATÒRIA GENERAL DE SUBVENCIONS 2017. SANT ANDREU,NOUS PER A TOTHOM,5420.0,6600.0,400.0,0.0
E,457,Institut de Cultura de Barcelona,,2019,TRANSFERÈNCIES ENS PÚBLICS I ALTRES,BPA-ampliació claveguerons,16000.0,0.0,16000.0,0.0
E,92086030480,Ajuntament de Barcelona,Districte de Sant Andreu,2022,CONVOCATÒRIA GENERAL DE SUBVENCIONS 2021. SANT ANDREU,Centre de recursos sociolaborals,10000.0,20500.0,6000.0,0.0
E,308,Ajuntament de Barcelona,Districte de Sant Andreu,2017,CONVOCATÒRIA GENERAL DE SUBVENCIONS 2017. SANT ANDREU,CULTURA INTERBARRIAL,1200.0,1200.0,425.34,0.0
E,308,Ajuntament de Barcelona,Districte de Sant Andreu,2018,CONVOCATÒRIA GENERAL DE SUBVENCIONS 2018. SANT ANDREU,ACTIVITATS 2018,1250.0,2500.0,1000.0,0.0
E,311,Ajuntament de Barcelona,"Gerència d’Àrea d’Economia, Recursos i Promoció Econòmica",2022,Convocatòria 2022 Promoció i Reforç Economia Social i Solidària,Tandem Go – millora de la digitalització dels processos de la plataforma de,10000.0,12500.0,6000.0,0.0
E,225,Institut Municipal Barcelona Esports,,2019,SUBVENCIONS DIRECTES (amb o sense CONVENI),Ajuts 2018-2019 (2n. pagament),1200.0,1200.0,1200.0,0.0
E,92168152845,Institut Municipal Barcelona Esports,,2019,SUBVENCIONS DIRECTES (amb o sense CONVENI),Ajuts 2018-2019 (2n. pagament),756.0,756.0,756.0,0.0
E,309,Ajuntament de Barcelona,Districte de Sant Andreu,2013,Expedient òrgan gestor Districte Sant Andreu 0609,APRENENTATGE DEL CANT CORAL,1000.0,2000.0,300.0,0.0
E,309,Ajuntament de Barcelona,Districte de Sant Andreu,2014,Convocatòria de subvencions 2014. Districte de Sant Andreu,APRENENTATGE DEL CANT CORAL,1500.0,3000.0,300.0,0.0
E,309,Ajuntament de Barcelona,Districte de Sant Andreu,2017,CONVOCATÒRIA GENERAL DE SUBVENCIONS 2017. SANT ANDREU,APRENENTATGE DE CANT CORAL,1500.0,3000.0,500.0,0.0
E,309,Ajuntament de Barcelona,Districte de Sant Andreu,2018,CONVOCATÒRIA GENERAL DE SUBVENCIONS 2018. SANT ANDREU,APRENENTATGE DEL CANT CORAL,1000.0,2000.0,500.0,0.0
E,314,Ajuntament de Barcelona,Districte de Sant Andreu,2019,SUBVENCIONS DIRECTES (amb o sense CONVENI),Centre d'Interpretació Tres Tombs Sant Andreu,72000.0,72000.0,72000.0,179.9
E,314,Ajuntament de Barcelona,Districte de Sant Andreu,2015,SUBVENCIONS DIRECTES (amb o sense CONVENI),conveni projecte Centre Interpretació dels 3 Tombs,119513.13,119513.13,119513.13,40908.3
E,314,Ajuntament de Barcelona,Districte de Sant Andreu,2018,SUBVENCIONS NOMINATIVES,Subv. projecte centre interpretació Tres Tombs,36000.0,36000.0,36000.0,5198.0
E,302,Ajuntament de Barcelona,"Gerència d’Àrea d’Economia, Recursos i Promoció Econòmica",2020,Convocatòria 2020 Promoció i Reforç de l'Economia Social i Solid,"Una altra economia és possible, la coneixes?",10000.0,61962.51,6500.0,0.0
E,302,Ajuntament de Barcelona,Gerència de Política Econòmica i Desenvolupament,2018,Subvencions d'Economia Cooperativa Social i Solidària,"Una altra economia és possible, entendre-la, també!",14790.0,25685.0,7395.0,0.0
E,346,Institut Municipal Barcelona Esports,,2021,AJUTS,Ajut del programa,1575.0,1575.0,1181.26,0.0
E,347,Institut Municipal Barcelona Esports,,2021,AJUTS,Ajut del programa,674.1,674.1,505.58,0.0
E,315,Institut Municipal Barcelona Esports,,2021,SUBVENCIONS DIRECTES (amb o sense CONVENI),Ajuts 2020-2021,3834.02,3834.02,1030.48,0.0
E,315,Ajuntament de Barcelona,Districte de Sant Andreu,2021,CONVOCATÒRIA GENERAL DE SUBVENCIONS 2021. SANT ANDREU,TROBADA D'HANDBOL SANT ANDREU 2021,3000.0,4975.0,500.0,500.0
E,346,Institut Municipal Barcelona Esports,,2021,SUBVENCIONS DIRECTES (amb o sense CONVENI),Ajuts 2020-2021,4584.46,4584.46,1379.54,0.0
E,346,Ajuntament de Barcelona,Districte d'Horta-Guinardó,2019,CONVOCATÒRIA GENERAL DE SUBVENCIONS 2019. HORTA GUINARDÓ,futbol sala estel vallseca,6000.0,62331.62,900.0,0.0
E,346,Ajuntament de Barcelona,Districte d'Horta-Guinardó,2011,convocatòria general subvencions Districte Horta Guinardo,ESTEL VALLSECA,4000.0,23140.0,800.0,0.0
E,346,Ajuntament de Barcelona,Districte d'Horta-Guinardó,2014,Convocatòria de subvencions 2014. Districte d'Horta Guinardó,ESTEL 2014,4000.0,44860.0,800.0,0.0
E,346,Ajuntament de Barcelona,Districte d'Horta-Guinardó,2021,CONVOCATÒRIA GENERAL DE SUBVENCIONS 2021. HORTA GUINARDÓ,FUTBOL SALA ESTEL VALLSECA,7641.0,76418.73,900.0,0.0
E,346,Institut Municipal Barcelona Esports,,2017,SUBVENCIONS DIRECTES (amb o sense CONVENI),Ajuts 2017-2018 (1r pagament),0.0,6667.65,6667.65,0.0
E,347,Institut Municipal Barcelona Esports,,2019,SUBVENCIONS DIRECTES (amb o sense CONVENI),Ajuts 2018-2019 (2n. pagament),219.39,219.39,219.39,0.0
E,347,Ajuntament de Barcelona,Districte de Sant Martí,2020,CONVOCATÒRIA GENERAL DE SUBVENCIONS 2020. SANT MARTÍ,"Esport del barri, pel barri-CFSRosarioCentral",4400.0,33464.0,500.0,0.0
E,347,Institut Municipal Barcelona Esports,,2020,SUBVENCIONS DIRECTES (amb o sense CONVENI),Ajuts 2020-2021,779.63,779.63,779.63,0.0
E,347,Ajuntament de Barcelona,Districte de Sant Martí,2021,CONVOCATÒRIA GENERAL DE SUBVENCIONS 2021. SANT MARTÍ,Promoció futbol sala femení-Verneda i la Pau,2075.0,12915.0,1000.0,0.0
E,347,Institut Municipal Barcelona Esports,,2018,SUBVENCIONS DIRECTES (amb o sense CONVENI),Ajuts 2018-2019 (1r pagament),0.0,658.11,658.11,0.0
E,362,Institut Municipal Barcelona Esports,,2021,SUBVENCIONS DIRECTES (amb o sense CONVENI),Ajuts 2020-2021,3937.5,3937.5,1186.5,0.0
E,362,Institut Municipal Barcelona Esports,,2021,AJUTS,Ajut del programa,7968.0,7968.0,5976.0,0.0
E,362,Institut Municipal Barcelona Esports,,2021,AJUTS,Ajut del programa,1440.0,1440.0,1080.0,0.0
E,362,Ajuntament de Barcelona,Districte de Sant Andreu,2017,CONVOCATÒRIA GENERAL DE SUBVENCIONS 2017. SANT ANDREU,PARTICIPACIÓ A LA COMPETICIÓ ESPORTIVA DE 2A I 4A CATALANA I VETERANS DE FU,7973.79,23031.29,7973.79,0.0
E,362,Ajuntament de Barcelona,Districte de Sant Andreu,2018,CONVOCATÒRIA GENERAL DE SUBVENCIONS 2018. SANT ANDREU,Participació a la competició esportiva de 2a i 4a Catalana i Veterans de fu,7973.79,23031.29,7973.79,0.0
E,363,Institut Municipal del Paisatge Urbà i la Qualitat de Vida,Institut Municipal del Paisatge Urbà i la Qualitat de Vida,2017,SUBVENCIONS NO TELEMÀTIQUES,DT03_04. Projecte Cobertes Verdes,1500.0,1500.0,1500.0,0.0
E,251,Institut Municipal Barcelona Esports,,2021,AJUTS,Ajut del programa,579.0,579.0,434.25,0.0
E,285,Institut de Cultura de Barcelona,,2019,SUBVENCIONS DIRECTES (amb o sense CONVENI),Premis 'Matchfunding' Fabra i Coats 2020,8000.0,8000.0,8000.0,0.0
E,344,Ajuntament de Barcelona,"Gerència d’Àrea d’Economia, Recursos i Promoció Econòmica",2021,Enllumenat Nadalenc 2021,Enllumenat de Nadal Via Guinardo,2427.75,3916.77,2427.75,0.0
E,363,Ajuntament de Barcelona,Gerència de Política Econòmica i Desenvolupament,2018,Subvencions d'Economia Cooperativa Social i Solidària,OBTENCIÓ LLICÈNCIA D'ACTIVITATS D'HABITATGE PER LA COOPERATIVA,9000.0,11707.0,5400.0,0.0
E,363,Institut Municipal del Paisatge Urbà i la Qualitat de Vida,Institut Municipal del Paisatge Urbà i la Qualitat de Vida,2018,SUBVENCIONS NO TELEMÀTIQUES,DT03_04. Projecte Cobertes Verdes,1500.0,1500.0,1500.0,0.0